"contrast_scope","replicate","gene","ctrl_cpm","stim_cpm","log2fc_stim_vs_ctrl","ctrl_n_cells","stim_n_cells"
"global","patient_101","TIMP1",29419.4114839062,11243.4835390209,-1.38763965918858,858,1166
"global","patient_101","FTH1",288020.407119476,148572.219756636,-0.955004299980281,858,1166
"global","patient_101","SOD2",4264.26963993453,7706.63841476154,0.853727484004768,858,1166
"global","patient_101","MS4A7",1127.33565193672,1686.21347413133,0.580658066818078,858,1166
"global","patient_101","S100A11",9881.76827605019,8780.91957973231,-0.170388040808302,858,1166
"global","patient_101","TYROBP",6348.455400982,6664.49914885779,0.0700854475064823,858,1166
"global","patient_101","FCGR3A",1868.94776322968,1727.00896140871,-0.113918964887702,858,1166
"global","patient_101","FCER1G",7782.66503000546,6233.05596522741,-0.320301556414742,858,1166
"global","patient_101","ACTB",22655.3975722859,9798.3343078922,-1.20920460990603,858,1166
"global","patient_101","SAT1",4613.76500272777,14076.9155644674,1.60920973050848,858,1166
"global","patient_101","PSAP",4151.32296781233,3044.82682315651,-0.447147863179486,858,1166
"global","patient_101","CXCL16",1029.30646481178,742.972359203029,-0.470022220170296,858,1166
"global","patient_101","FTL",125490.145935625,88879.7682816323,-0.497644753226638,858,1166
"global","patient_101","PFN1",12554.1291598472,5370.16959796665,-1.22504553958211,858,1166
"global","patient_101","CTSS",1385.19503546099,2064.49890161241,0.575531230988492,858,1166
"global","patient_101","ISG15",460.310965630115,52938.9439902684,6.84402418432307,858,1166
"global","patient_101","ISG20",860.95199127114,15446.6549554773,4.16442694068339,858,1166
"global","patient_101","IFI6",210.975859247136,7009.40645038465,5.05083030222939,858,1166
"global","patient_101","IFIT3",125.733087834152,7788.22938931628,5.94722597425813,858,1166
"global","patient_101","LY6E",187.534097108565,6769.5784342692,5.17010634671381,858,1166
"global","patient_101","IFIT1",17.0485542825968,7151.57254241185,8.6708653787536,858,1166
"global","patient_101","MX1",89.5049099836334,4734.74897794942,5.71729276786612,858,1166
"global","patient_101","IFIT2",76.7184942716858,4524.5904071266,5.87285638336817,858,1166
"global","patient_101","IRF7",381.461402073104,3577.64061153672,3.22771131897461,858,1166
"global","patient_101","TNFSF10",230.155482815057,6948.83133291219,4.91306267626903,858,1166
"global","patient_101","OAS1",153.436988543372,3245.09557888178,4.3980714079519,858,1166
"global","patient_101","PLSCR1",545.553737043099,3478.74246056127,2.67165838203995,858,1166
"global","patient_101","BST2",686.204309874523,3226.55217557389,2.23245598041417,858,1166
"global","patient_101","ANXA1",5809.29487179487,8030.52985920612,0.46709777676692,858,1166
"global","patient_101","SH3BGRL3",8581.81601200218,4370.06204622747,-0.97354820438551,858,1166
"global","patient_101","GAPDH",9338.34560829242,4053.58796310604,-1.20386683494193,858,1166
"global","patient_101","S100A6",6346.32433169667,3814.99617387778,-0.73416423217861,858,1166
"global","patient_101","VIM",8014.95158210584,4051.11550933166,-0.984286530992531,858,1166
"global","patient_101","S100A10",6634.01868521549,4824.99354071451,-0.459315300559485,858,1166
"global","patient_101","EMP3",5692.08606110202,4782.96182654995,-0.251029112117735,858,1166
"global","patient_101","RGCC",1562.07378614293,509.325477523541,-1.61584894062792,858,1166
"global","patient_101","CLIC1",3399.05551009274,3983.12303053604,0.228735004761633,858,1166
"global","patient_101","CCL5",1361.75327332242,1162.05327396148,-0.228698128349182,858,1166
"global","patient_101","ALOX5AP",948.325831969449,834.453148855316,-0.184448041158648,858,1166
"global","patient_101","CD63",6361.24181669394,4527.06286090099,-0.490687151336209,858,1166
"global","patient_101","C15orf48",7266.9462629569,8385.32697583053,0.20650456466055,858,1166
"global","patient_101","LGALS1",5221.11974904528,3611.01873749093,-0.531891745467965,858,1166
"global","patient_101","CCR7",1883.86524822695,2418.05979134963,0.360069573415943,858,1166
"global","patient_101","HSPA8",2444.33647026732,2455.14659796542,0.00636498186047518,858,1166
"global","patient_101","LTB",1063.40357337698,810.964837998648,-0.390766911397959,858,1166
"global","patient_101","ACTG1",3906.25,2024.93964122223,-0.947733844938886,858,1166
"global","patient_101","SELL",281.301145662848,901.209400763741,1.67798508556048,858,1166
"global","patient_101","HSP90AB1",1657.97190398254,1998.97887659118,0.269769468167517,858,1166
"global","patient_101","HSP90AA1",2109.75859247136,3644.39686344514,0.788458193850559,858,1166
"global","patient_101","CREM",1655.84083469722,1937.16753223153,0.226321477337166,858,1166
"global","patient_101","CD74",9958.48677032188,8741.36031934213,-0.18805864322762,858,1166
"global","patient_101","HLA-DRA",NA,NA,NA,858,1166
"global","patient_101","HLA-DRB1",NA,NA,NA,858,1166
"global","patient_101","HLA-DPA1",NA,NA,NA,858,1166
"global","patient_101","HLA-DPB1",NA,NA,NA,858,1166
"global","patient_101","HLA-DQB1",NA,NA,NA,858,1166
"global","patient_101","HLA-DQA1",NA,NA,NA,858,1166
"global","patient_101","HLA-DMA",NA,NA,NA,858,1166
"global","patient_101","HERPUD1",1184.87452264048,898.736946989355,-0.39856973701316,858,1166
"global","patient_101","CXCL10",266.383660665576,33721.7970288523,6.98134801753555,858,1166
"global","patient_101","APOBEC3A",262.121522094926,11177.9635139997,5.41159294098141,858,1166
"global","patient_101","IFITM3",281.301145662848,8956.46379771372,4.99026039305515,858,1166
"global","patient_101","RSAD2",14.9174849972722,5953.66868872178,8.59318884277346,858,1166
"global","patient_101","TYMP",2047.95758319694,4796.56032230907,1.22761256165614,858,1166
"global","patient_101","IDO1",302.611838516094,3379.84430958583,3.47924809657514,858,1166
"global","patient_1015","TIMP1",21648.3335289613,7574.88981002222,-1.51489725953797,2738,2352
"global","patient_1015","FTH1",311360.117600371,149326.809036652,-1.06010844666287,2738,2352
"global","patient_1015","SOD2",7130.6403742643,11561.8937164866,0.697235395795154,2738,2352
"global","patient_1015","MS4A7",1106.69550782232,1469.39856675472,0.408806607770751,2738,2352
"global","patient_1015","S100A11",8250.61063880924,7011.11325883131,-0.234841902827361,2738,2352
"global","patient_1015","TYROBP",6352.32042747511,6253.44530114617,-0.0226306385752117,2738,2352
"global","patient_1015","FCGR3A",1439.96176870064,947.383241577954,-0.603750103634349,2738,2352
"global","patient_1015","FCER1G",5689.97993415721,4535.26914513577,-0.327203120337689,2738,2352
"global","patient_1015","ACTB",16924.6161499293,7380.40181458493,-1.1972967306659,2738,2352
"global","patient_1015","SAT1",4338.05076266971,10972.4638407442,1.3386681415418,2738,2352
"global","patient_1015","PSAP",3335.45729440895,1885.81764901002,-0.822528179043761,2738,2352
"global","patient_1015","CXCL16",939.014370273488,529.770981436538,-0.825185427894244,2738,2352
"global","patient_1015","FTL",141817.020753335,83117.964724889,-0.770794868722835,2738,2352
"global","patient_1015","PFN1",9240.62802175383,3496.01120632671,-1.4021528364645,2738,2352
"global","patient_1015","CTSS",1441.35911151355,2065.98750981389,0.519250442557762,2738,2352
"global","patient_1015","ISG15",1617.42430593982,77410.994895585,5.5803317907888,2738,2352
"global","patient_1015","ISG20",1342.8464432036,17315.9940722923,3.68824354642744,2738,2352
"global","patient_1015","IFI6",701.466092079302,7638.72482692955,3.44395300239525,2738,2352
"global","patient_1015","IFIT3",218.684150219942,8713.1815133791,5.31306700132909,2738,2352
"global","patient_1015","LY6E",643.476365343662,7031.39728289532,3.44883435084652,2738,2352
"global","patient_1015","IFIT1",135.542252851977,7902.4171397617,5.86025857451091,2738,2352
"global","patient_1015","MX1",301.826047587907,4892.62592202821,4.01657922214448,2738,2352
"global","patient_1015","IFIT2",126.459524568081,5542.31128101964,5.44817735239868,2738,2352
"global","patient_1015","IRF7",595.966709704825,3929.13477898766,2.71988170948925,2738,2352
"global","patient_1015","TNFSF10",273.180519923314,7095.23229980265,4.69638692712354,2738,2352
"global","patient_1015","OAS1",380.775916517151,3156.55209772604,3.04967075771979,2738,2352
"global","patient_1015","PLSCR1",679.10860707279,3707.80028111271,2.44798204238528,2738,2352
"global","patient_1015","BST2",941.809055899302,2948.34255659839,1.6458765830063,2738,2352
"global","patient_1015","ANXA1",5926.13086953849,6391.85393593589,0.109135086123402,2738,2352
"global","patient_1015","SH3BGRL3",7941.09920575035,3533.59630973943,-1.16808819704117,2738,2352
"global","patient_1015","GAPDH",7407.31425121988,2991.89354944171,-1.30774799783668,2738,2352
"global","patient_1015","S100A6",5803.16470200267,2835.58724636021,-1.03306225748651,2738,2352
"global","patient_1015","VIM",5780.80721699616,3271.0971747934,-0.821400615725398,2738,2352
"global","patient_1015","S100A10",6036.52095175814,4235.78149572007,-0.511038350263616,2738,2352
"global","patient_1015","EMP3",6587.77269144994,4904.55770088939,-0.425630162311485,2738,2352
"global","patient_1015","RGCC",1607.64290624948,417.015671198356,-1.94549336167745,2738,2352
"global","patient_1015","CLIC1",3229.25924062802,3884.39060825822,0.266447350850246,2738,2352
"global","patient_1015","CCL5",2051.29924934744,1647.77866072941,-0.315929415167201,2738,2352
"global","patient_1015","ALOX5AP",828.624288053837,759.457724514317,-0.125669216470214,2738,2352
"global","patient_1015","CD63",5883.51191374482,3973.8789497171,-0.566070730252465,2738,2352
"global","patient_1015","C15orf48",7983.01949013755,7435.88458628943,-0.102423506947138,2738,2352
"global","patient_1015","LGALS1",5031.13279787157,3302.11979983248,-0.607415745015185,2738,2352
"global","patient_1015","CCR7",1720.82767409494,2110.73168054333,0.294563147852903,2738,2352
"global","patient_1015","HSPA8",2224.56975814791,2403.65685158538,0.111680456468756,2738,2352
"global","patient_1015","LTB",1210.09887597744,730.821455247477,-0.727143323610258,2738,2352
"global","patient_1015","ACTG1",3253.71273985389,1738.46018007441,-0.904083671190261,2738,2352
"global","patient_1015","SELL",442.957671691511,872.809623695558,0.97769683351139,2738,2352
"global","patient_1015","HSP90AB1",1646.06983360442,1953.82878851876,0.247209500826758,2738,2352
"global","patient_1015","HSP90AA1",1980.73343729564,3072.4330567547,0.633217463775649,2738,2352
"global","patient_1015","CREM",1513.32226637826,1736.67041324523,0.198543454247091,2738,2352
"global","patient_1015","CD74",10438.1508124151,8772.24381874196,-0.250835211962492,2738,2352
"global","patient_1015","HLA-DRA",NA,NA,NA,2738,2352
"global","patient_1015","HLA-DRB1",NA,NA,NA,2738,2352
"global","patient_1015","HLA-DPA1",NA,NA,NA,2738,2352
"global","patient_1015","HLA-DPB1",NA,NA,NA,2738,2352
"global","patient_1015","HLA-DQB1",NA,NA,NA,2738,2352
"global","patient_1015","HLA-DQA1",NA,NA,NA,2738,2352
"global","patient_1015","HLA-DMA",NA,NA,NA,2738,2352
"global","patient_1015","HERPUD1",1108.09285063523,873.406212638617,-0.343179245230301,2738,2352
"global","patient_1015","CXCL10",479.987256233546,38381.5496517114,6.31978977767199,2738,2352
"global","patient_1015","APOBEC3A",677.711264259883,10430.7610804464,3.94303502588095,2738,2352
"global","patient_1015","IFITM3",850.981773060348,10607.947996535,3.63909414917786,2738,2352
"global","patient_1015","RSAD2",127.856867380988,6258.8146016337,5.60777229939266,2738,2352
"global","patient_1015","TYMP",3624.7072566807,6673.44391705982,0.880476085431598,2738,2352
"global","patient_1015","IDO1",125.062181755174,4838.93291715289,5.26836409548676,2738,2352
"global","patient_1016","TIMP1",29735.4096777141,17508.8985303727,-0.764076684906186,1723,1635
"global","patient_1016","FTH1",261774.073542273,133392.048075739,-0.97264690034125,1723,1635
"global","patient_1016","SOD2",6273.74068320954,7333.93130375139,0.225244233929342,1723,1635
"global","patient_1016","MS4A7",1107.89854977875,1852.0848468614,0.741062889969179,1723,1635
"global","patient_1016","S100A11",7463.22233680116,7287.93357928587,-0.0342865307571358,1723,1635
"global","patient_1016","TYROBP",6673.4978918926,7025.47597498265,0.0741474125181494,1723,1635
"global","patient_1016","FCGR3A",1956.36282943257,1724.91466745675,-0.18159950540627,1723,1635
"global","patient_1016","FCER1G",6177.47262071036,5365.49927147722,-0.203286618573248,1723,1635
"global","patient_1016","ACTB",19566.8916184782,8324.23525400891,-1.2329751570175,1723,1635
"global","patient_1016","SAT1",6058.36128914357,12905.0674610744,1.09087499632812,1723,1635
"global","patient_1016","PSAP",3636.97476797765,2454.11388766003,-0.567441135001468,1723,1635
"global","patient_1016","CXCL16",1179.69168113407,758.962453680968,-0.635970646683354,1723,1635
"global","patient_1016","FTL",105287.890456735,71155.773999651,-0.565283494520529,1723,1635
"global","patient_1016","PFN1",10028.1951206777,4668.76903324959,-1.10286528144474,1723,1635
"global","patient_1016","CTSS",2137.47731989714,2524.46334860728,0.240015897678392,1723,1635
"global","patient_1016","ISG15",2718.34901904476,64712.0339517322,4.57297722589377,1723,1635
"global","patient_1016","ISG20",2054.26255400801,18976.7670905222,3.20722865284236,1723,1635
"global","patient_1016","IFI6",704.878016943179,9111.60806691857,3.69131633699904,1723,1635
"global","patient_1016","IFIT3",306.752470336383,9681.16812574154,4.97775912629607,1723,1635
"global","patient_1016","LY6E",985.523894059445,8581.28136131619,3.12158263331387,1723,1635
"global","patient_1016","IFIT1",213.747731989714,9244.18974331917,5.43127306556208,1723,1635
"global","patient_1016","MX1",432.3904502082,5691.54196548277,3.71687241900183,1723,1635
"global","patient_1016","IFIT2",251.275959743633,6515.44238311505,4.69376140468084,1723,1635
"global","patient_1016","IRF7",810.936051899907,3953.09855553616,2.28461708102575,1723,1635
"global","patient_1016","TNFSF10",717.931313553238,9085.90345618784,3.66078722775203,1723,1635
"global","patient_1016","OAS1",504.183581563524,4019.38939373646,2.99370474799603,1723,1635
"global","patient_1016","PLSCR1",833.77932096751,3576.99951431814,2.10034917978122,1723,1635
"global","patient_1016","BST2",1328.17293007349,3702.81681947381,1.47883196724791,1723,1635
"global","patient_1016","ANXA1",7791.18641412889,9230.66100082931,0.244576491103029,1723,1635
"global","patient_1016","SH3BGRL3",9618.64793953713,5080.04280494124,-0.920926463578736,1723,1635
"global","patient_1016","GAPDH",9602.33131877456,4749.94148818873,-1.01539823743053,1723,1635
"global","patient_1016","S100A6",6087.73120651621,3226.60508383085,-0.915782590739505,1723,1635
"global","patient_1016","VIM",7366.95427430197,3674.40646024511,-1.00345867279729,1723,1635
"global","patient_1016","S100A10",6159.52433787153,4620.06556028611,-0.414866601651159,1723,1635
"global","patient_1016","EMP3",6133.41774465141,4748.58861393975,-0.369158144403626,1723,1635
"global","patient_1016","RGCC",2153.79394065971,840.134908620109,-1.35766383760074,1723,1635
"global","patient_1016","CLIC1",3093.63129658395,3857.04448385818,0.31814837604,1723,1635
"global","patient_1016","CCL5",7236.42130820139,4718.82538046206,-0.616795440799224,1723,1635
"global","patient_1016","ALOX5AP",1106.26688770249,1059.30053695579,-0.0625586236500784,1723,1635
"global","patient_1016","CD63",5567.23100419011,3931.45256755239,-0.501843593346118,1723,1635
"global","patient_1016","C15orf48",7411.00915036092,7726.26483595723,0.0600971525255893,1723,1635
"global","patient_1016","LGALS1",5059.78409847407,3713.6398134657,-0.446190259639017,1723,1635
"global","patient_1016","CCR7",1771.98501481549,2088.83784043389,0.237272360774087,1723,1635
"global","patient_1016","HSPA8",2684.08411544336,2979.02909626647,0.150385726770033,1723,1635
"global","patient_1016","LTB",1057.31702541477,757.609579431982,-0.480611800601698,1723,1635
"global","patient_1016","ACTG1",3330.22229764127,1942.72742154344,-0.777380319269557,1723,1635
"global","patient_1016","SELL",667.34978918926,1089.06377043347,0.706155079998171,1723,1635
"global","patient_1016","HSP90AB1",1922.09792583117,2006.31251124577,0.0618487551028881,1723,1635
"global","patient_1016","HSP90AA1",2543.76117688522,3479.59256839118,0.451878905737892,1723,1635
"global","patient_1016","CREM",1447.28426164028,1635.62496702369,0.176436306921737,1723,1635
"global","patient_1016","CD74",10516.0620814787,9088.60920468581,-0.210452344825134,1723,1635
"global","patient_1016","HLA-DRA",NA,NA,NA,1723,1635
"global","patient_1016","HLA-DRB1",NA,NA,NA,1723,1635
"global","patient_1016","HLA-DPA1",NA,NA,NA,1723,1635
"global","patient_1016","HLA-DPB1",NA,NA,NA,1723,1635
"global","patient_1016","HLA-DQB1",NA,NA,NA,1723,1635
"global","patient_1016","HLA-DQA1",NA,NA,NA,1723,1635
"global","patient_1016","HLA-DMA",NA,NA,NA,1723,1635
"global","patient_1016","HERPUD1",1231.90486757431,1095.8281416784,-0.168796610053979,1723,1635
"global","patient_1016","CXCL10",884.360845331488,34246.6587388236,5.27438989946389,1723,1635
"global","patient_1016","APOBEC3A",947.995666305525,12656.1385992611,3.73810930673747,1723,1635
"global","patient_1016","IFITM3",954.522314610555,9110.25519266959,3.25396429631844,1723,1635
"global","patient_1016","RSAD2",239.854325209832,5918.82483931236,4.62219796051139,1723,1635
"global","patient_1016","TYMP",2990.83658577974,4561.89196757972,0.609000145933832,1723,1635
"global","patient_1016","IDO1",398.125546606796,4549.71609933885,3.51282898770575,1723,1635
"global","patient_1039","TIMP1",22940.6502637673,9430.06097022179,-1.28252223329488,461,641
"global","patient_1039","FTH1",205270.330148061,113346.29318724,-0.85678505409242,461,641
"global","patient_1039","SOD2",4325.05942776566,8104.62136608642,0.905947059198752,461,641
"global","patient_1039","MS4A7",512.764777518609,827.074312980472,0.689185606304648,461,641
"global","patient_1039","S100A11",5286.49338561305,5278.78413006981,-0.00210520813942594,461,641
"global","patient_1039","TYROBP",4071.46380410156,4273.21728373244,0.06976673626653,461,641
"global","patient_1039","FCGR3A",632.595676612631,696.297605372449,0.138316122469828,461,641
"global","patient_1039","FCER1G",4196.868233386,3983.38782362817,-0.0753080105435799,461,641
"global","patient_1039","ACTB",13677.4430872898,6180.08306088186,-1.14603644162718,461,641
"global","patient_1039","SAT1",3859.66965686561,10850.9322258549,1.49114930793801,461,641
"global","patient_1039","PSAP",2477.43416964154,1594.06203057347,-0.635977639014911,461,641
"global","patient_1039","CXCL16",749.639810611444,561.986392153398,-0.415341314689853,461,641
"global","patient_1039","FTL",80317.3568090425,69364.6726164178,-0.211509287625976,461,641
"global","patient_1039","PFN1",7298.53778435454,3492.09154369533,-1.06340835894946,461,641
"global","patient_1039","CTSS",571.286844518015,1323.67235132986,1.21154157993154,461,641
"global","patient_1039","ISG15",1039.46338051327,46945.3035256693,5.49639156768769,461,641
"global","patient_1039","ISG20",1008.80896446596,12079.172925687,3.58114161462629,461,641
"global","patient_1039","IFI6",418.014764281474,5160.37819210038,3.62426615639943,461,641
"global","patient_1039","IFIT3",108.683838713183,5927.36590969338,5.76268158292857,461,641
"global","patient_1039","LY6E",431.948589757524,5047.27401254749,3.54504678475294,461,641
"global","patient_1039","IFIT1",80.8161877610851,5328.26720862419,6.03411541817361,461,641
"global","patient_1039","MX1",128.191194379652,3073.25262878855,4.57801581719198,461,641
"global","patient_1039","IFIT2",55.7353019041966,3635.23902094195,6.01462876250312,461,641
"global","patient_1039","IRF7",320.47798594913,2622.60316338252,3.03072828849705,461,641
"global","patient_1039","TNFSF10",97.536778332344,5040.20500132544,5.68415863993375,461,641
"global","patient_1039","OAS1",206.220617045527,2359.28249536096,3.51289970378163,461,641
"global","patient_1039","PLSCR1",454.242710519202,2401.69656269329,2.40123178925722,461,641
"global","patient_1039","BST2",501.617717137769,2163.11743394893,2.10734789130293,461,641
"global","patient_1039","ANXA1",3594.92697282068,4617.83158080763,0.361208650282441,461,641
"global","patient_1039","SH3BGRL3",4993.88305061601,2870.01855615446,-0.798995093072486,461,641
"global","patient_1039","GAPDH",5478.78017718252,2421.13634355395,-1.17800414402069,461,641
"global","patient_1039","S100A6",3310.67693310928,1671.82115401608,-0.985492172923419,461,641
"global","patient_1039","VIM",5849.41993484543,3416.09967305823,-0.77585566390934,461,641
"global","patient_1039","S100A10",4386.36825986027,2859.41503932137,-0.617219093155922,461,641
"global","patient_1039","EMP3",4444.89032685968,4158.34585137404,-0.0961268881126465,461,641
"global","patient_1039","RGCC",1128.63986355998,371.123089157904,-1.6033121548908,461,641
"global","patient_1039","CLIC1",2087.28705631216,2649.11195546523,0.343806515794693,461,641
"global","patient_1039","CCL5",718.985394564136,584.960678625077,-0.297393122731734,461,641
"global","patient_1039","ALOX5AP",819.30893799169,540.779358487232,-0.598914346690547,461,641
"global","patient_1039","CD63",4004.58144181653,2991.95899973491,-0.420500098932617,461,641
"global","patient_1039","C15orf48",7702.61872315997,8263.67411858266,0.101427989979884,461,641
"global","patient_1039","LGALS1",3706.39757662907,2560.74931518954,-0.533364559848788,461,641
"global","patient_1039","CCR7",1889.42673455226,1429.70751966069,-0.402105813834368,461,641
"global","patient_1039","HSPA8",1340.43401079593,1947.51259167624,0.538764760840722,461,641
"global","patient_1039","LTB",914.058951228824,878.324644340373,-0.057500840195237,461,641
"global","patient_1039","ACTG1",2519.23564606969,1357.25015463462,-0.892054356110538,461,641
"global","patient_1039","SELL",359.492697282068,1150.4815763895,1.67682519479622,461,641
"global","patient_1039","HSP90AB1",888.978065371936,1427.94026685517,0.683409774274857,461,641
"global","patient_1039","HSP90AA1",1109.13250789351,2375.18777061059,1.09826328087694,461,641
"global","patient_1039","CREM",744.066280421024,1108.06750905717,0.574224442824475,461,641
"global","patient_1039","CD74",6064.00084717659,5388.35380401166,-0.170410457957141,461,641
"global","patient_1039","HLA-DRA",NA,NA,NA,461,641
"global","patient_1039","HLA-DRB1",NA,NA,NA,461,641
"global","patient_1039","HLA-DPA1",NA,NA,NA,461,641
"global","patient_1039","HLA-DPB1",NA,NA,NA,461,641
"global","patient_1039","HLA-DQB1",NA,NA,NA,461,641
"global","patient_1039","HLA-DQA1",NA,NA,NA,461,641
"global","patient_1039","HLA-DMA",NA,NA,NA,461,641
"global","patient_1039","HERPUD1",515.551542613818,793.496509675709,0.621617497939615,461,641
"global","patient_1039","CXCL10",114.257368903603,25872.5810727225,7.81672125982864,461,641
"global","patient_1039","APOBEC3A",317.691220853921,9486.61305999823,4.89800320394001,461,641
"global","patient_1039","IFITM3",348.345636901229,5467.88018025979,3.97045285273928,461,641
"global","patient_1039","RSAD2",64.0955971898261,4432.27003622868,6.10062887516333,461,641
"global","patient_1039","TYMP",2117.94147235947,4446.40805867279,1.06979930586657,461,641
"global","patient_1039","IDO1",209.007382140737,3310.0645047274,3.98200425650591,461,641
"global","patient_107","TIMP1",34359.4096710301,19409.1701661379,-0.823950641625473,517,525
"global","patient_107","FTH1",296519.680114373,120402.77676435,-1.30025563738502,517,525
"global","patient_107","SOD2",11568.3033254404,12791.8357693343,0.145040071753588,517,525
"global","patient_107","MS4A7",842.901606874265,1363.72442702187,0.693789324621681,517,525
"global","patient_107","S100A11",9096.18907206362,7626.28918506143,-0.254265719945913,517,525
"global","patient_107","TYROBP",6469.19537148729,6219.79111364957,-0.0567156828754936,517,525
"global","patient_107","FCGR3A",1033.52246496597,981.277724240831,-0.0747991911184105,517,525
"global","patient_107","FCER1G",6445.36776422583,5168.06268100171,-0.318611452989767,517,525
"global","patient_107","ACTB",24563.284635661,9520.91002186488,-1.36728571673401,517,525
"global","patient_107","SAT1",5164.63387392217,14231.0430982209,1.46221445136076,517,525
"global","patient_107","PSAP",3684.34377280376,2194.03634753334,-0.747687288955547,517,525
"global","patient_107","CXCL16",756.52653055146,485.60666866277,-0.639070935506409,517,525
"global","patient_107","FTL",117395.642526322,70943.8633658832,-0.726625034571054,517,525
"global","patient_107","PFN1",11008.3545547961,4274.84834226967,-1.36455049144696,517,525
"global","patient_107","CTSS",965.018094089264,1648.04335737883,0.771816629923785,517,525
"global","patient_107","ISG15",366.349461644998,78215.3829121807,7.73612962000423,517,525
"global","patient_107","ISG20",872.686115951094,15901.7313261591,4.18679621064105,517,525
"global","patient_107","IFI6",101.267330861219,7193.52054770394,6.14345187027451,517,525
"global","patient_107","IFIT3",23.8276072614633,8979.94922516801,8.5280493726853,517,525
"global","patient_107","LY6E",151.900996291829,6330.49936971777,5.37648901262142,517,525
"global","patient_107","IFIT1",5.95690181536583,7633.8374752479,10.2074451574273,517,525
"global","patient_107","MX1",62.5474690613412,4994.45200671295,6.30788854887136,517,525
"global","patient_107","IFIT2",17.8707054460975,6018.50337534376,8.35597378768333,517,525
"global","patient_107","IRF7",396.133970721828,3152.66920121477,2.99092243685558,517,525
"global","patient_107","TNFSF10",98.2888799535362,7397.32438273857,6.22660858665545,517,525
"global","patient_107","OAS1",104.245781768902,3117.44384701125,4.89563089463182,517,525
"global","patient_107","PLSCR1",592.7117306289,3323.76377877471,2.48641583166844,517,525
"global","patient_107","BST2",619.517788798046,3306.15110167295,2.41498931562387,517,525
"global","patient_107","ANXA1",5149.74161938376,7138.16641966984,0.471014471596122,517,525
"global","patient_107","SH3BGRL3",8381.36085421972,4071.04450723504,-1.04169439881476,517,525
"global","patient_107","GAPDH",8845.99919581825,4048.39963667563,-1.12757677161842,517,525
"global","patient_107","S100A6",5897.33279721217,3024.34826804482,-0.963322146799559,517,525
"global","patient_107","VIM",7648.66193092972,4108.78595816738,-0.896413961049344,517,525
"global","patient_107","S100A10",6960.63977125497,5004.51639362824,-0.475948748285097,517,525
"global","patient_107","EMP3",6335.16508064156,4710.13307635599,-0.427575111849217,517,525
"global","patient_107","RGCC",1328.38910482658,317.028187831653,-2.06526414280839,517,525
"global","patient_107","CLIC1",3222.68388211291,3301.11890821531,0.0346871094662458,517,525
"global","patient_107","CCL5",738.655825105363,795.086566307955,0.106140377954123,517,525
"global","patient_107","ALOX5AP",521.22890884451,498.187152306883,-0.065165339602764,517,525
"global","patient_107","CD63",6874.26469493217,4906.38862120415,-0.48650180989485,517,525
"global","patient_107","C15orf48",9227.24091200167,9407.68566906786,0.0279390338866499,517,525
"global","patient_107","LGALS1",5125.9140121223,3379.11790680881,-0.601089848847872,517,525
"global","patient_107","CCR7",1271.7985375806,2327.38947416094,0.871585331679398,517,525
"global","patient_107","HSPA8",1935.99308999389,2659.51424236553,0.45798761689508,517,525
"global","patient_107","LTB",839.923155966582,606.379311646257,-0.469706272403265,517,525
"global","patient_107","ACTG1",4220.46493618669,1987.71641576989,-1.08609804313852,517,525
"global","patient_107","SELL",396.133970721828,941.020176579668,1.24718376569025,517,525
"global","patient_107","HSP90AB1",1221.16487214999,1955.00715829519,0.678694238735456,517,525
"global","patient_107","HSP90AA1",1706.65237010231,3542.66419418228,1.05344649275139,517,525
"global","patient_107","CREM",1155.63895218097,1625.39848681943,0.491922384789419,517,525
"global","patient_107","CD74",7732.05855634484,8315.69968875883,0.104978547182952,517,525
"global","patient_107","HLA-DRA",NA,NA,NA,517,525
"global","patient_107","HLA-DRB1",NA,NA,NA,517,525
"global","patient_107","HLA-DPA1",NA,NA,NA,517,525
"global","patient_107","HLA-DPB1",NA,NA,NA,517,525
"global","patient_107","HLA-DQB1",NA,NA,NA,517,525
"global","patient_107","HLA-DQA1",NA,NA,NA,517,525
"global","patient_107","HLA-DMA",NA,NA,NA,517,525
"global","patient_107","HERPUD1",959.061192273898,754.829018646793,-0.345269597403805,517,525
"global","patient_107","CXCL10",265.082130783779,43075.5759974436,7.34158494295117,517,525
"global","patient_107","APOBEC3A",235.29762170695,15861.4737784979,6.07187932604461,517,525
"global","patient_107","IFITM3",59.5690181536583,7490.41996170501,6.96237801430004,517,525
"global","patient_107","RSAD2",23.8276072614633,7213.64932153452,8.21209104354806,517,525
"global","patient_107","TYMP",3431.17544565072,7102.94106546632,1.04960495276528,517,525
"global","patient_107","IDO1",279.974385322194,4300.0093095579,3.93856660237294,517,525
"global","patient_1244","TIMP1",25107.9070386622,11590.6689207062,-1.11514443869623,1879,1464
"global","patient_1244","FTH1",282742.042015903,121036.016741481,-1.2240465957642,1879,1464
"global","patient_1244","SOD2",5491.35463654657,10030.3865659958,0.869083777660052,1879,1464
"global","patient_1244","MS4A7",668.178815915456,828.480389721472,0.310024561141685,1879,1464
"global","patient_1244","S100A11",7698.13677953171,6262.61351322682,-0.297722979416031,1879,1464
"global","patient_1244","TYROBP",5761.44224221354,4770.81170936854,-0.272169258436342,1879,1464
"global","patient_1244","FCGR3A",885.784943704015,299.434565490905,-1.56312281192498,1879,1464
"global","patient_1244","FCER1G",5610.39798880736,3830.88258002489,-0.550366591289775,1879,1464
"global","patient_1244","ACTB",21664.6100754197,9192.50688498087,-1.23676484042335,1879,1464
"global","patient_1244","SAT1",4810.37546017296,12672.9301753505,1.39743569767244,1879,1464
"global","patient_1244","PSAP",3297.37285401957,1513.28589824327,-1.12337460556993,1879,1464
"global","patient_1244","CXCL16",816.662997230002,290.035274197468,-1.49191054403469,1879,1464
"global","patient_1244","FTL",126118.111486019,67950.1622720504,-0.892221674534703,1879,1464
"global","patient_1244","PFN1",10822.7047673662,4829.89296892729,-1.16391527950888,1879,1464
"global","patient_1244","CTSS",1198.11373888289,2003.39180140103,0.74143779769088,1879,1464
"global","patient_1244","ISG15",628.49769849519,71351.3629643754,6.82575254978457,1879,1464
"global","patient_1244","ISG20",1561.64397589436,17152.3638546225,3.45685013838643,1879,1464
"global","patient_1244","IFI6",186.885262688997,8441.90633740502,5.49357486986572,1879,1464
"global","patient_1244","IFIT3",53.7615139242321,9541.62341873708,7.45823723605604,1879,1464
"global","patient_1244","LY6E",290.568182400016,7342.18925607295,4.65687949859834,1879,1464
"global","patient_1244","IFIT1",21.7606127788559,7409.32705102607,8.37880275248986,1879,1464
"global","patient_1244","MX1",124.16349644406,5475.75855637628,5.45707957679777,1879,1464
"global","patient_1244","IFIT2",34.5609732370064,6662.7547711474,7.5702172026476,1879,1464
"global","patient_1244","IRF7",399.371246294296,3569.04517970774,3.15813281274433,1879,1464
"global","patient_1244","TNFSF10",185.605226643182,7706.07610471885,5.37189956040352,1879,1464
"global","patient_1244","OAS1",131.84371271895,3297.80848809714,4.63936477602172,1879,1464
"global","patient_1244","PLSCR1",413.451642798261,3229.32793724496,2.96392316097626,1879,1464
"global","patient_1244","BST2",720.660293793873,3338.09116506901,2.21084756460681,1879,1464
"global","patient_1244","ANXA1",6430.90109417481,7420.06909821857,0.20639676832014,1879,1464
"global","patient_1244","SH3BGRL3",9893.39859810452,5266.28863612255,-0.90961555028248,1879,1464
"global","patient_1244","GAPDH",9372.4239274578,4053.78005926925,-1.2090534236426,1879,1464
"global","patient_1244","S100A6",6191.5343536074,3061.48344986217,-1.01594699058658,1879,1464
"global","patient_1244","VIM",7860.70135735022,4311.58919188922,-0.866362784242845,1879,1464
"global","patient_1244","S100A10",6485.94264414486,4507.63155315232,-0.524897862885544,1879,1464
"global","patient_1244","EMP3",6875.07360207263,5132.01304621632,-0.421814687428682,1879,1464
"global","patient_1244","RGCC",3191.12986221692,1117.17290801988,-1.51379531110997,1879,1464
"global","patient_1244","CLIC1",2926.1624007332,3070.8827411556,0.0696319691788343,1879,1464
"global","patient_1244","CCL5",1596.20494913137,1157.45558499175,-0.463517827791453,1879,1464
"global","patient_1244","ALOX5AP",1073.95024243883,737.172988585232,-0.54254535892688,1879,1464
"global","patient_1244","CD63",6355.37896747172,4208.19698766142,-0.594718008147387,1879,1464
"global","patient_1244","C15orf48",6195.37446174484,6423.7442211143,0.0522188255978246,1879,1464
"global","patient_1244","LGALS1",5163.66540881791,3334.06289737182,-0.631037549252127,1879,1464
"global","patient_1244","CCR7",3200.09011453763,5640.91753196095,0.817719788356616,1879,1464
"global","patient_1244","HSPA8",2913.36204027505,3638.86848645898,0.320755558432738,1879,1464
"global","patient_1244","LTB",2337.34581965828,1757.66747187262,-0.411107288634884,1879,1464
"global","patient_1244","ACTG1",4087.15509428746,2102.75573793165,-0.958649190424376,1879,1464
"global","patient_1244","SELL",1020.1887285146,2489.4694368616,1.28658506820901,1879,1464
"global","patient_1244","HSP90AB1",1852.21215829438,2310.88290228631,0.319117517296913,1879,1464
"global","patient_1244","HSP90AA1",2241.34311622215,3739.57517888865,0.738381947741157,1879,1464
"global","patient_1244","CREM",1671.72707583446,1710.67101540544,0.03321318296112,1879,1464
"global","patient_1244","CD74",9112.57661015734,7352.93130326545,-0.309520589444947,1879,1464
"global","patient_1244","HLA-DRA",NA,NA,NA,1879,1464
"global","patient_1244","HLA-DRB1",NA,NA,NA,1879,1464
"global","patient_1244","HLA-DPA1",NA,NA,NA,1879,1464
"global","patient_1244","HLA-DPB1",NA,NA,NA,1879,1464
"global","patient_1244","HLA-DQB1",NA,NA,NA,1879,1464
"global","patient_1244","HLA-DQA1",NA,NA,NA,1879,1464
"global","patient_1244","HLA-DMA",NA,NA,NA,1879,1464
"global","patient_1244","HERPUD1",1297.95655045646,949.328420637084,-0.451058908626589,1879,1464
"global","patient_1244","CXCL10",454.412796264343,38527.6950117961,6.40418077241462,1879,1464
"global","patient_1244","APOBEC3A",90.8825592528686,7559.71571172105,6.37036474136147,1879,1464
"global","patient_1244","IFITM3",243.20684870486,8985.72247652527,5.20449608016042,1879,1464
"global","patient_1244","RSAD2",26.8807569621161,6694.98091272489,7.93388154116792,1879,1464
"global","patient_1244","TYMP",2919.76222050413,6120.28138792621,1.06761792171073,1879,1464
"global","patient_1244","IDO1",290.568182400016,5878.58532609498,4.33616266904686,1879,1464
"global","patient_1256","TIMP1",17348.2032218092,7656.65042557642,-1.17994832388151,2108,2026
"global","patient_1256","FTH1",300739.947435928,129080.848535675,-1.22023835800335,2108,2026
"global","patient_1256","SOD2",10233.6320812466,9485.8028164171,-0.109470930773917,2108,2026
"global","patient_1256","MS4A7",1205.97587361739,1840.61444237597,0.609780240691922,2108,2026
"global","patient_1256","S100A11",6565.36011652427,6541.96591376908,-0.00514951124278973,2108,2026
"global","patient_1256","TYROBP",4845.64309750441,5433.96759869065,0.165301699427765,2108,2026
"global","patient_1256","FCGR3A",779.19314035431,726.885101529897,-0.100187065448889,2108,2026
"global","patient_1256","FCER1G",4981.80166388056,4569.53787873723,-0.124606252109732,2108,2026
"global","patient_1256","ACTB",17241.7935859018,8172.44274466465,-1.07702416292622,2108,2026
"global","patient_1256","SAT1",4004.66371694579,10184.98796007,1.34658197647356,2108,2026
"global","patient_1256","PSAP",3383.36874600249,1883.59713563332,-0.844800264295305,2108,2026
"global","patient_1256","CXCL16",844.411949458855,580.743944454898,-0.539657221279588,2108,2026
"global","patient_1256","FTL",126495.884921983,83898.3965545073,-0.592372413982741,2108,2026
"global","patient_1256","PFN1",9489.90881952811,5258.21614181614,-0.851759611491351,2108,2026
"global","patient_1256","CTSS",1256.32021748757,2160.59671440293,0.781985344357624,2108,2026
"global","patient_1256","ISG15",1398.19973203079,66650.8745067736,5.5744764392309,2108,2026
"global","patient_1256","ISG20",1454.26502406803,17245.6117058112,3.56741307901879,2108,2026
"global","patient_1256","IFI6",538.913317337562,8687.27989279161,4.00952450735607,2108,2026
"global","patient_1256","IFIT3",144.167893810048,9478.1614487269,6.03386665521052,2108,2026
"global","patient_1256","LY6E",654.476470312284,7822.85017283819,3.57827155675685,2108,2026
"global","patient_1256","IFIT1",108.698015174243,8461.85954593083,6.27604144512536,2108,2026
"global","patient_1256","MX1",284.903218719858,5295.46780930585,4.21382084253913,2108,2026
"global","patient_1256","IFIT2",86.9584121393943,5783.56017051712,6.04734159458178,2108,2026
"global","patient_1256","IRF7",474.83869786643,3689.82542340341,2.95672027986637,2108,2026
"global","patient_1256","TNFSF10",257.442667517944,7179.06494493917,4.79877408372046,2108,2026
"global","patient_1256","OAS1",241.424012650161,3638.24619149458,3.91081554523744,2108,2026
"global","patient_1256","PLSCR1",419.917595462602,3410.91550271125,3.02047552680599,2108,2026
"global","patient_1256","BST2",1064.09635907417,4005.98701158527,1.91203126234739,2108,2026
"global","patient_1256","ANXA1",4772.41496096597,6273.56287365094,0.394529354673187,2108,2026
"global","patient_1256","SH3BGRL3",8151.20694843481,4418.62086685585,-0.883342797339044,2108,2026
"global","patient_1256","GAPDH",6763.30492310474,3027.89194724018,-1.15928311407824,2108,2026
"global","patient_1256","S100A6",5024.13668031685,2962.94032187351,-0.761746277543667,2108,2026
"global","patient_1256","VIM",6305.6290697395,3147.28831739949,-1.00241617277428,2108,2026
"global","patient_1256","S100A10",5555.04067022052,4389.01056705634,-0.339867235423178,2108,2026
"global","patient_1256","EMP3",5712.93883963152,4893.34083460928,-0.223392164634676,2108,2026
"global","patient_1256","RGCC",1938.25723900176,666.709330969604,-1.53892079782993,2108,2026
"global","patient_1256","CLIC1",2359.31902409778,3008.78852801469,0.350746214969275,2108,2026
"global","patient_1256","CCL5",3624.79275865265,2931.41968015145,-0.3062519225009,2108,2026
"global","patient_1256","ALOX5AP",882.170207361487,786.105701128917,-0.166233860845287,2108,2026
"global","patient_1256","CD63",5159.15105705959,3723.25640704802,-0.470514799913582,2108,2026
"global","patient_1256","C15orf48",9779.38879678162,8522.03531649112,-0.198535388206039,2108,2026
"global","patient_1256","LGALS1",4421.14874350815,3301.07084216469,-0.421431819431415,2108,2026
"global","patient_1256","CCR7",3490.92257154332,4386.14505417252,0.32930299649631,2108,2026
"global","patient_1256","HSPA8",2942.85573713845,3356.47075791861,0.189698051494974,2108,2026
"global","patient_1256","LTB",2808.98555002912,1885.50747755587,-0.574970584181205,2108,2026
"global","patient_1256","ACTG1",3151.09825041963,1759.42491066764,-0.840569763310132,2108,2026
"global","patient_1256","SELL",1486.3023338036,2217.9069720794,0.577311197761276,2108,2026
"global","patient_1256","HSP90AB1",2125.90433888151,2256.11381053038,0.0857435880497324,2108,2026
"global","patient_1256","HSP90AA1",2476.02636670591,3419.51204136272,0.465683423717378,2108,2026
"global","patient_1256","CREM",1329.548354026,1318.13592655882,-0.0124324023985558,2108,2026
"global","patient_1256","CD74",8469.29166652364,8428.42856228622,-0.00697722809136181,2108,2026
"global","patient_1256","HLA-DRA",NA,NA,NA,2108,2026
"global","patient_1256","HLA-DRB1",NA,NA,NA,2108,2026
"global","patient_1256","HLA-DPA1",NA,NA,NA,2108,2026
"global","patient_1256","HLA-DPB1",NA,NA,NA,2108,2026
"global","patient_1256","HLA-DQB1",NA,NA,NA,2108,2026
"global","patient_1256","HLA-DQA1",NA,NA,NA,2108,2026
"global","patient_1256","HLA-DMA",NA,NA,NA,2108,2026
"global","patient_1256","HERPUD1",1154.4873401138,949.439935506857,-0.281968838110267,2108,2026
"global","patient_1256","CXCL10",112.130584074482,31040.1907285375,8.10641821631,2108,2026
"global","patient_1256","APOBEC3A",252.865908984291,7137.03742264309,4.81613208022385,2108,2026
"global","patient_1256","IFITM3",449.666525931342,9029.23109692788,4.32615233716138,2108,2026
"global","patient_1256","RSAD2",65.2188091045458,5728.1602547632,6.44574763193931,2108,2026
"global","patient_1256","TYMP",2868.4834109666,6566.80035876221,1.19476081294656,2108,2026
"global","patient_1256","IDO1",417.629216195775,4426.26223454605,3.40423112872431,2108,2026
"global","patient_1488","TIMP1",23393.0650745149,12261.8928248419,-0.931871211577993,2031,2549
"global","patient_1488","FTH1",291174.654777628,139819.928579016,-1.05831209709223,2031,2549
"global","patient_1488","SOD2",6648.90083697377,9162.41671771238,0.462582558297857,2031,2549
"global","patient_1488","MS4A7",1020.62347121389,1586.47111441157,0.63611854573703,2031,2549
"global","patient_1488","S100A11",7247.52072897211,6430.27121905116,-0.172595316316222,2031,2549
"global","patient_1488","TYROBP",4995.27199693657,5185.31829197224,0.0538640208964711,2031,2549
"global","patient_1488","FCGR3A",1187.86192668079,857.766610044804,-0.469476511197639,2031,2549
"global","patient_1488","FCER1G",4502.93448785177,3600.83274841725,-0.322494769680354,2031,2549
"global","patient_1488","ACTB",20364.0171614789,9750.1456912616,-1.06248794582132,2031,2549
"global","patient_1488","SAT1",5634.52927063715,13147.4574268789,1.2223436806128,2031,2549
"global","patient_1488","PSAP",2649.24469174202,1683.76408638425,-0.653734994397109,2031,2549
"global","patient_1488","CXCL16",1198.802760216,623.469248967751,-0.942649072849214,2031,2549
"global","patient_1488","FTL",95368.1199740546,67898.5810117873,-0.490122592641278,2031,2549
"global","patient_1488","PFN1",10678.2535303725,5157.52029998004,-1.04985390319584,2031,2549
"global","patient_1488","CTSS",1287.89240471706,2157.32273567981,0.744004291906375,2031,2549
"global","patient_1488","ISG15",640.820249919897,69298.4084656799,6.75564385676144,2031,2549
"global","patient_1488","ISG20",1861.50467720634,21006.3468772431,3.49593102812813,2031,2549
"global","patient_1488","IFI6",157.860598150999,10477.8574102001,6.04805534539688,2031,2549
"global","patient_1488","IFIT3",73.4598823078907,10402.4057176498,7.13602791086041,2031,2549
"global","patient_1488","LY6E",361.047506662186,8581.63724216121,4.56907984012337,2031,2549
"global","patient_1488","IFIT1",21.8816670704355,7932.35557205786,8.46937897521411,2031,2549
"global","patient_1488","MX1",121.912145106712,5524.85090844831,5.49624748419088,2031,2549
"global","patient_1488","IFIT2",43.763334140871,6161.22636798386,7.12107867948182,2031,2549
"global","patient_1488","IRF7",423.566555434859,4174.66272597037,3.29946981488055,2031,2549
"global","patient_1488","TNFSF10",243.824290213424,8054.46817973784,5.04300968414345,2031,2549
"global","patient_1488","OAS1",201.62393229187,3978.09121116844,4.29894561599277,2031,2549
"global","patient_1488","PLSCR1",353.232625565602,3438.01593817727,3.281054839438,2031,2549
"global","patient_1488","BST2",787.740014535679,3692.16900782017,2.2279570584462,2031,2549
"global","patient_1488","ANXA1",7008.38536741663,7731.81291554275,0.141714993795629,2031,2549
"global","patient_1488","SH3BGRL3",8641.69551660271,4619.43059784546,-0.90352669093719,2031,2549
"global","patient_1488","GAPDH",7435.07787529013,3386.39109590605,-1.13448327112486,2031,2549
"global","patient_1488","S100A6",5185.95509569322,2776.8208429344,-0.901054953393151,2031,2549
"global","patient_1488","VIM",6487.91428638413,3542.25840814799,-0.872992851933512,2031,2549
"global","patient_1488","S100A10",5511.05414931112,4253.09277480549,-0.373777266684735,2031,2549
"global","patient_1488","EMP3",6562.93714491134,5237.93591967175,-0.32531540474595,2031,2549
"global","patient_1488","RGCC",2994.66243621103,828.975832624319,-1.85236239365995,2031,2549
"global","patient_1488","CLIC1",2702.38588319879,3586.93375242116,0.408451588350662,2031,2549
"global","patient_1488","CCL5",1975.60194121646,1548.74526813645,-0.351091811295385,2031,2549
"global","patient_1488","ALOX5AP",1067.51275779339,1084.12168769552,0.0222630427171691,2031,2549
"global","patient_1488","CD63",4188.77626776909,3329.80232649337,-0.331047876102275,2031,2549
"global","patient_1488","C15orf48",7339.7363259118,7006.08676746086,-0.0671147008886681,2031,2549
"global","patient_1488","LGALS1",3758.95780745696,2994.24085173047,-0.328093444483473,2031,2549
"global","patient_1488","CCR7",4684.23972929252,6627.83551928138,0.500677733982625,2031,2549
"global","patient_1488","HSPA8",3100.94481912458,3589.91210870603,0.211208989850958,2031,2549
"global","patient_1488","LTB",3743.32804526379,2644.78038097148,-0.501093527291786,2031,2549
"global","patient_1488","ACTG1",3987.15233547722,2241.70949708469,-0.830618553237494,2031,2549
"global","patient_1488","SELL",1806.80050953025,3255.34341937143,0.849194908138267,2031,2549
"global","patient_1488","HSP90AB1",2355.40516251045,2588.1916115588,0.135941644220859,2031,2549
"global","patient_1488","HSP90AA1",2322.5826619048,3641.53695097725,0.648705069262297,2031,2549
"global","patient_1488","CREM",1980.29086987441,2263.55077650712,0.192829744444705,2031,2549
"global","patient_1488","CD74",11222.1692546948,9947.70999149183,-0.173906988350062,2031,2549
"global","patient_1488","HLA-DRA",NA,NA,NA,2031,2549
"global","patient_1488","HLA-DRB1",NA,NA,NA,2031,2549
"global","patient_1488","HLA-DPA1",NA,NA,NA,2031,2549
"global","patient_1488","HLA-DPB1",NA,NA,NA,2031,2549
"global","patient_1488","HLA-DQB1",NA,NA,NA,2031,2549
"global","patient_1488","HLA-DQA1",NA,NA,NA,2031,2549
"global","patient_1488","HLA-DMA",NA,NA,NA,2031,2549
"global","patient_1488","HERPUD1",1611.42848211564,1175.45794709844,-0.454951266403837,2031,2549
"global","patient_1488","CXCL10",211.001789607771,30983.8404315837,7.19472557687885,2031,2549
"global","patient_1488","APOBEC3A",178.179289002118,10398.4345759367,5.86291949520745,2031,2549
"global","patient_1488","IFITM3",120.349168887395,6807.52968180234,5.81595787048812,2031,2549
"global","patient_1488","RSAD2",21.8816670704355,5235.95034881516,7.87012787039837,2031,2549
"global","patient_1488","TYMP",2985.28457889513,5939.83521747461,0.992434265311246,2031,2549
"global","patient_1488","IDO1",287.587624354295,4559.8634721479,3.98456922354349,2031,2549
