replicate,condition,n_cells,library_size_total_counts,library_size_pattern_genes,ACTB,ACTG1,ANXA1,APOBEC3A,BST2,C15orf48,CCR7,CD63,CD74,CREM,CST3,CTSS,CXCL10,CXCL16,EMP3,FCER1G,FCGR3A,FTH1,FTL,GAPDH,HLA-DMA,HLA-DPA1,HLA-DPB1,HLA-DQA1,HLA-DQB1,HLA-DRA,HLA-DRB1,HSP90AA1,HSP90AB1,HSPA8,IFI6,IFIT1,IFIT2,IFIT3,IFITM3,IRF7,ISG15,ISG20,LGALS1,LTB,LY6E,MS4A7,MX1,OAS1,PFN1,PLSCR1,PSAP,RGCC,RSAD2,S100A10,S100A11,S100A6,SAT1,SH3BGRL3,SOD2,TIMP1,TNFSF10,TYMP,TYROBP,VIM,ACTB__cpm,ACTG1__cpm,ANXA1__cpm,APOBEC3A__cpm,BST2__cpm,C15orf48__cpm,CCR7__cpm,CD63__cpm,CD74__cpm,CREM__cpm,CST3__cpm,CTSS__cpm,CXCL10__cpm,CXCL16__cpm,EMP3__cpm,FCER1G__cpm,FCGR3A__cpm,FTH1__cpm,FTL__cpm,GAPDH__cpm,HLA-DMA__cpm,HLA-DPA1__cpm,HLA-DPB1__cpm,HLA-DQA1__cpm,HLA-DQB1__cpm,HLA-DRA__cpm,HLA-DRB1__cpm,HSP90AA1__cpm,HSP90AB1__cpm,HSPA8__cpm,IFI6__cpm,IFIT1__cpm,IFIT2__cpm,IFIT3__cpm,IFITM3__cpm,IRF7__cpm,ISG15__cpm,ISG20__cpm,LGALS1__cpm,LTB__cpm,LY6E__cpm,MS4A7__cpm,MX1__cpm,OAS1__cpm,PFN1__cpm,PLSCR1__cpm,PSAP__cpm,RGCC__cpm,RSAD2__cpm,S100A10__cpm,S100A11__cpm,S100A6__cpm,SAT1__cpm,SH3BGRL3__cpm,SOD2__cpm,TIMP1__cpm,TNFSF10__cpm,TYMP__cpm,TYROBP__cpm,VIM__cpm
patient_101,ctrl,858,469248.0,306686.0,10631.0,1833.0,2726.0,123.0,322.0,3410.0,884.0,2985.0,4673.0,777.0,1715.0,650.0,125.0,483.0,2671.0,3652.0,877.0,135153.0,58886.0,4382.0,300.0,1611.0,1572.0,708.0,730.0,5322.0,2387.0,990.0,778.0,1147.0,99.0,8.0,36.0,59.0,132.0,179.0,216.0,404.0,2450.0,499.0,88.0,529.0,42.0,72.0,5891.0,256.0,1948.0,733.0,7.0,3113.0,4637.0,2978.0,2165.0,4027.0,2001.0,13805.0,108.0,961.0,2979.0,3761.0,22655.39757228587,3906.25,5809.294871794872,262.1215220949264,686.2043098745227,7266.946262956901,1883.8652482269501,6361.241816693944,9958.486770321877,1655.8408346972176,3654.7838243316965,1385.195035460993,266.3836606655756,1029.3064648117838,5692.086061102018,7782.665030005456,1868.9477632296782,288020.4071194763,125490.14593562466,9338.345608292417,639.3207855973814,3433.152618657938,3350.040916530278,1508.79705400982,1555.6805782869612,11341.550736497546,5086.862384069831,2109.7585924713585,1657.9719039825422,2444.336470267321,210.97585924713584,17.048554282596836,76.71849427168576,125.73308783415165,281.3011456628478,381.4614020731042,460.3109656301146,860.9519912711403,5221.119749045281,1063.4035733769776,187.5340971085652,1127.3356519367157,89.50490998363338,153.4369885433715,12554.129159847245,545.5537370430987,4151.322967812329,1562.073786142935,14.917484997272231,6634.018685215494,9881.76827605019,6346.324331696672,4613.765002727769,8581.816012002184,4264.269639934533,29419.411483906166,230.1554828150573,2047.9575831969448,6348.455400981997,8014.951582105837
patient_101,stim,1166,808913.0,491309.0,7926.0,1638.0,6496.0,9042.0,2610.0,6783.0,1956.0,3662.0,7071.0,1567.0,3707.0,1670.0,27278.0,601.0,3869.0,5042.0,1397.0,120182.0,71896.0,3279.0,339.0,2546.0,2080.0,727.0,762.0,6275.0,3252.0,2948.0,1617.0,1986.0,5670.0,5785.0,3660.0,6300.0,7245.0,2894.0,42823.0,12495.0,2921.0,656.0,5476.0,1364.0,3830.0,2625.0,4344.0,2814.0,2463.0,412.0,4816.0,3903.0,7103.0,3086.0,11387.0,3535.0,6234.0,9095.0,5621.0,3880.0,5391.0,3277.0,9798.334307892197,2024.9396412222327,8030.529859206119,11177.963513999652,3226.552175573888,8385.326975830527,2418.059791349626,4527.062860900987,8741.36031934213,1937.1675322315257,4582.693070824675,2064.498901612411,33721.7970288523,742.9723592030292,4782.96182654995,6233.0559652274105,1727.008961408705,148572.21975663636,88879.76828163228,4053.5879631060448,419.0809147584474,3147.433654793532,2571.3519253615655,898.7369469893549,942.0048880411119,7757.3237171364535,4020.2098371518323,3644.3968634451417,1998.9788765911783,2455.1465979654176,7009.406450384651,7151.572542411855,4524.5904071266,7788.2293893162805,8956.463797713723,3577.6406115367167,52938.943990268424,15446.654955477288,3611.018737490929,810.9648379986476,6769.578434269198,1686.2134741313341,4734.748977949421,3245.0955788817832,5370.169597966654,3478.742460561272,3044.8268231565075,509.3254775235408,5953.668688721779,4824.993540714515,8780.919579732306,3814.9961738777843,14076.915564467377,4370.062046227468,7706.638414761537,11243.483539020885,6948.831332912192,4796.560322309075,6664.499148857788,4051.1155093316584
patient_107,ctrl,517,335745.0,221039.0,8247.0,1417.0,1729.0,79.0,208.0,3098.0,427.0,2308.0,2596.0,388.0,620.0,324.0,89.0,254.0,2127.0,2164.0,347.0,99555.0,39415.0,2970.0,202.0,912.0,849.0,263.0,286.0,4740.0,1930.0,573.0,410.0,650.0,34.0,2.0,6.0,8.0,20.0,133.0,123.0,293.0,1721.0,282.0,51.0,283.0,21.0,35.0,3696.0,199.0,1237.0,446.0,8.0,2337.0,3054.0,1980.0,1734.0,2814.0,3884.0,11536.0,33.0,1152.0,2172.0,2568.0,24563.284635660995,4220.464936186689,5149.741619383759,235.29762170695022,619.5177887980461,9227.240912001667,1271.7985375806043,6874.264694932165,7732.058556344845,1155.6389521809706,1846.6395627634067,965.0180940892642,265.08213078377935,756.5265305514602,6335.165080641558,6445.367764225826,1033.522464965971,296519.6801143725,117395.64252632206,8845.999195818255,601.6470833519487,2716.3472278068175,2528.704820622794,783.3325887206064,851.8369595973135,14117.857302417013,5748.410251828024,1706.6523701023098,1221.1648721499948,1935.9930899938943,101.26733086121908,5.956901815365828,17.870705446097485,23.827607261463314,59.569018153658284,396.1339707218276,366.3494616449985,872.6861159510938,5125.914012122295,839.9231559665818,151.90099629182862,842.9016068742646,62.5474690613412,104.24578176890199,11008.354554796051,592.7117306288999,3684.3437728037648,1328.3891048265796,23.827607261463314,6960.639771254971,9096.18907206362,5897.332797212171,5164.633873922174,8381.36085421972,11568.303325440438,34359.4096710301,98.28887995353617,3431.175445650717,6469.19537148729,7648.661930929723
patient_107,stim,525,397441.0,244083.0,3784.0,790.0,2837.0,6304.0,1314.0,3739.0,925.0,1950.0,3305.0,646.0,1291.0,655.0,17120.0,193.0,1872.0,2054.0,390.0,47853.0,28196.0,1609.0,175.0,1211.0,1070.0,295.0,244.0,4373.0,2243.0,1408.0,777.0,1057.0,2859.0,3034.0,2392.0,3569.0,2977.0,1253.0,31086.0,6320.0,1343.0,241.0,2516.0,542.0,1985.0,1239.0,1699.0,1321.0,872.0,126.0,2867.0,1989.0,3031.0,1202.0,5656.0,1618.0,5084.0,7714.0,2940.0,2823.0,2472.0,1633.0,9520.91002186488,1987.7164157698878,7138.1664196698375,15861.47377849794,3306.151101672953,9407.685669067861,2327.3894741609442,4906.388621204153,8315.699688758834,1625.3984868194273,3248.280876910032,1648.043357378831,43075.575997443644,485.6066686627701,4710.133076355987,5168.062681001708,981.2777242408307,120402.77676434994,70943.86336588324,4048.399636675633,440.3169275439625,3046.9931386042203,2692.2234998402278,742.2485350026797,613.9276018327248,11002.890995141417,5643.6049627491875,3542.664194182281,1955.0071582951932,2659.5142423655334,7193.520547703936,7633.8374752478985,6018.503375343762,8979.949225168011,7490.419961705008,3152.669201214772,78215.38291218068,15901.731326159103,3379.1179068088095,606.379311646257,6330.49936971777,1363.7244270218725,4994.452006712946,3117.4438470112545,4274.848342269671,3323.763778774711,2194.0363475333443,317.02818783165304,7213.649321534517,5004.516393628236,7626.2891850614305,3024.348268044817,14231.043098220867,4071.0445072350362,12791.835769334317,19409.17016613787,7397.32438273857,7102.941065466321,6219.791113649573,4108.785958167376
patient_1015,ctrl,2738,1431288.0,967464.0,24224.0,4657.0,8482.0,970.0,1348.0,11426.0,2463.0,8421.0,14940.0,2166.0,4348.0,2063.0,687.0,1344.0,9429.0,8144.0,2061.0,445646.0,202981.0,10602.0,976.0,4697.0,4767.0,1547.0,1830.0,17192.0,9341.0,2835.0,2356.0,3184.0,1004.0,194.0,181.0,313.0,1218.0,853.0,2315.0,1922.0,7201.0,1732.0,921.0,1584.0,432.0,545.0,13226.0,972.0,4774.0,2301.0,183.0,8640.0,11809.0,8306.0,6209.0,11366.0,10206.0,30985.0,391.0,5188.0,9092.0,8274.0,16924.616149929294,3253.712739853894,5926.130869538485,677.7112642598834,941.8090558993018,7983.019490137554,1720.827674094941,5883.511913744823,10438.150812415111,1513.322266378255,3037.823275259766,1441.359111513546,479.9872562335463,939.0143702734879,6587.772691449939,5689.979934157207,1439.961768700639,311360.11760037113,141817.02075333547,7407.31425121988,681.9032926986043,3281.659596112034,3330.5665945637775,1080.844665783546,1278.5686738098832,12011.558819748367,6526.289607682032,1980.7334372956386,1646.069833604418,2224.569758147906,701.4660920793019,135.54225285197668,126.45952456808135,218.68415021994176,850.9817730603485,595.9667097048252,1617.4243059398248,1342.846443203604,5031.132797871567,1210.0988759774414,643.4763653436625,1106.695507822325,301.8260475879069,380.775916517151,9240.628021753831,679.1086070727904,3335.4572944089523,1607.6429062494758,127.8568673809883,6036.520951758137,8250.61063880924,5803.164702002672,4338.050762669707,7941.099205750345,7130.640374264299,21648.333528961328,273.1805199233138,3624.707256680696,6352.320427475113,5780.807216996161
patient_1015,stim,2352,1676196.0,1037168.0,12371.0,2914.0,10714.0,17484.0,4942.0,12464.0,3538.0,6661.0,14704.0,2911.0,6404.0,3463.0,64335.0,888.0,8221.0,7602.0,1588.0,250301.0,139322.0,5015.0,633.0,5511.0,4312.0,1088.0,965.0,14317.0,8985.0,5150.0,3275.0,4029.0,12804.0,13246.0,9290.0,14605.0,17781.0,6586.0,129756.0,29025.0,5535.0,1225.0,11786.0,2463.0,8201.0,5291.0,5860.0,6215.0,3161.0,699.0,10491.0,7100.0,11752.0,4753.0,18392.0,5923.0,19380.0,12697.0,11893.0,11186.0,10482.0,5483.0,7380.401814584929,1738.4601800744067,6391.853935935893,10430.76108044644,2948.342556598393,7435.884586289431,2110.7316805433256,3973.878949717098,8772.243818741961,1736.6704132452292,3820.555591350892,2065.987509813888,38381.54965171137,529.7709814365385,4904.557700889394,4535.269145135772,947.3832415779539,149326.80903665203,83117.96472488897,2991.893549441712,377.6408009564514,3287.801665199058,2572.491522471119,649.0887700483714,575.7083300520941,8541.363897778063,5360.351653386597,3072.4330567546995,1953.828788518765,2403.656851585375,7638.724826929548,7902.417139761699,5542.311281019642,8713.181513379104,10607.947996535013,3929.13477898766,77410.99489558501,17315.994072292262,3302.119799832478,730.821455247477,7031.397282895317,1469.3985667547233,4892.625922028212,3156.5520977260417,3496.0112063267065,3707.8002811127103,1885.8176490100204,417.0156711983563,6258.8146016337,4235.781495720071,7011.113258831307,2835.587246360211,10972.463840744162,3533.5963097394338,11561.893716486617,7574.889810022218,7095.232299802648,6673.443917059819,6253.4453011461665,3271.0971747934013
patient_1016,ctrl,1723,612872.0,380901.0,11992.0,2041.0,4775.0,581.0,814.0,4542.0,1086.0,3412.0,6445.0,887.0,1373.0,1310.0,542.0,723.0,3759.0,3786.0,1199.0,160434.0,64528.0,5885.0,522.0,2728.0,3487.0,448.0,627.0,8908.0,4179.0,1559.0,1178.0,1645.0,432.0,131.0,154.0,188.0,585.0,497.0,1666.0,1259.0,3101.0,648.0,604.0,679.0,265.0,309.0,6146.0,511.0,2229.0,1320.0,147.0,3775.0,4574.0,3731.0,3713.0,5895.0,3845.0,18224.0,440.0,1833.0,4090.0,4515.0,19566.891618478247,3330.222297641269,7791.186414128889,947.9956663055254,1328.17293007349,7411.009150360924,1771.9850148154917,5567.231004190108,10516.062081478678,1447.2842616402772,2240.2720307013537,2137.47731989714,884.3608453314885,1179.6916811340704,6133.417744651412,6177.47262071036,1956.362829432573,261774.0735422731,105287.89045673485,9602.331318774555,851.7276038063413,4451.174144030075,5689.605659909411,730.9846101632968,1023.0521218133641,14534.845775300551,6818.7158166795025,2543.7611768852225,1922.0979258311686,2684.084115443355,704.878016943179,213.74773198971403,251.27595974363328,306.75247033638345,954.5223146105549,810.9360518999073,2718.3490190447596,2054.262554008015,5059.78409847407,1057.3170254147685,985.5238940594446,1107.8985497787467,432.3904502082001,504.18358156352383,10028.195120677727,833.7793209675103,3636.974767977653,2153.7939406597134,239.85432520983173,6159.5243378715295,7463.222336801159,6087.731206516206,6058.361289143573,9618.64793953713,6273.740683209544,29735.40967771411,717.9313135532378,2990.836585779739,6673.497891892597,7366.954274301975
patient_1016,stim,1635,739167.0,450894.0,6153.0,1436.0,6823.0,9355.0,2737.0,5711.0,1544.0,2906.0,6718.0,1209.0,2399.0,1866.0,25314.0,561.0,3510.0,3966.0,1275.0,98599.0,52596.0,3511.0,356.0,2745.0,2933.0,233.0,464.0,6909.0,3811.0,2572.0,1483.0,2202.0,6735.0,6833.0,4816.0,7156.0,6734.0,2922.0,47833.0,14027.0,2745.0,560.0,6343.0,1369.0,4207.0,2971.0,3451.0,2644.0,1814.0,621.0,4375.0,3415.0,5387.0,2385.0,9539.0,3755.0,5421.0,12942.0,6716.0,3372.0,5193.0,2716.0,8324.235254008905,1942.7274215434402,9230.661000829312,12656.13859926106,3702.816819473813,7726.264835957233,2088.837840433894,3931.4525675523932,9088.609204685814,1635.62496702369,3245.5453233166522,2524.4633486072835,34246.65873882357,758.9624536809679,4748.588613939746,5365.499271477217,1724.914667456745,133392.04807573932,71155.77399965096,4749.9414881887315,481.62323263890295,3713.6398134656984,3967.980172275007,315.21970001366407,627.7336515293567,9347.008186242081,5155.803762884436,3479.5925683911755,2006.3125112457672,2979.029096266473,9111.608066918572,9244.189743319168,6515.442383115047,9681.168125741544,9110.255192669587,3953.0985555361644,64712.033951732155,18976.767090522168,3713.6398134656984,757.6095794319822,8581.281361316185,1852.0848468613992,5691.5419654827665,4019.389393736463,4668.76903324959,3576.9995143181445,2454.113887660028,840.1349086201088,5918.824839312361,4620.065560286106,7287.933579285872,3226.605083830853,12905.067461074426,5080.042804941238,7333.931303751386,17508.898530372702,9085.903456187843,4561.8919675797215,7025.475974982649,3674.4064602451135
patient_1039,ctrl,461,358839.0,160636.0,4908.0,904.0,1290.0,114.0,180.0,2764.0,678.0,1437.0,2176.0,267.0,791.0,205.0,41.0,269.0,1595.0,1506.0,227.0,73659.0,28821.0,1966.0,139.0,655.0,819.0,236.0,254.0,2939.0,1194.0,398.0,319.0,481.0,150.0,29.0,20.0,39.0,125.0,115.0,373.0,362.0,1330.0,328.0,155.0,184.0,46.0,74.0,2619.0,163.0,889.0,405.0,23.0,1574.0,1897.0,1188.0,1385.0,1792.0,1552.0,8232.0,35.0,760.0,1461.0,2099.0,13677.443087289843,2519.235646069686,3594.92697282068,317.6912208539205,501.6177171377693,7702.618723159969,1889.4267345522644,4004.5814418165255,6064.00084717659,744.0662804210244,2204.331190310975,571.2868445180151,114.25736890360301,749.6398106114442,4444.890326859678,4196.868233386003,632.5956766126312,205270.33014806084,80317.3568090425,5478.780177182524,387.3603482341663,1825.3311373624383,2282.3606129768505,657.6765624695198,707.8383341832968,8190.302614821689,3327.397523680537,1109.132507893512,888.9780653719356,1340.4340107959279,418.0147642814744,80.81618776108506,55.73530190419659,108.68383871318335,348.3456369012287,320.4779859491304,1039.4633805132662,1008.8089644659582,3706.3975766290732,914.0589512288241,431.94858975752356,512.7647775186086,128.19119437965216,206.22061704552738,7298.537784354543,454.2427105192022,2477.4341696415386,1128.639863559981,64.09559718982608,4386.368259860271,5286.4933856130465,3310.676933109278,3859.669656865614,4993.883050616014,4325.0594277656555,22940.65026376732,97.53677833234403,2117.9414723594705,4071.4638041015605,5849.419934845432
patient_1039,stim,641,565850.0,259563.0,3497.0,768.0,2613.0,5368.0,1224.0,4676.0,809.0,1693.0,3049.0,627.0,1585.0,749.0,14640.0,318.0,2353.0,2254.0,394.0,64137.0,39250.0,1370.0,166.0,1045.0,910.0,160.0,222.0,3169.0,1685.0,1344.0,808.0,1102.0,2920.0,3015.0,2057.0,3354.0,3094.0,1484.0,26564.0,6835.0,1449.0,497.0,2856.0,468.0,1739.0,1335.0,1976.0,1359.0,902.0,210.0,2508.0,1618.0,2987.0,946.0,6140.0,1624.0,4586.0,5336.0,2852.0,2516.0,2418.0,1933.0,6180.083060881859,1357.2501546346205,4617.831580807635,9486.613059998233,2163.117433948926,8263.674118582663,1429.7075196606875,2991.9589997349117,5388.353804011664,1108.0675090571706,2801.0956967394186,1323.6723513298577,25872.581072722453,561.9863921533976,4158.345851374039,3983.38782362817,696.2976053724485,113346.29318724043,69364.67261641778,2421.136343553945,293.3639657152956,1846.779181761951,1608.2000530175842,282.7604488822126,392.33012282407,5600.424140673324,2977.8209772908017,2375.1877706105856,1427.9402668551736,1947.5125916762393,5160.37819210038,5328.267208624194,3635.239020941946,5927.365909693382,5467.880180259785,2622.603163382522,46945.30352566935,12079.172925687019,2560.749315189538,878.324644340373,5047.274012547495,827.0743129804719,3073.2526287885485,2359.2824953609615,3492.0915436953255,2401.6965626932933,1594.0620305734735,371.123089157904,4432.270036228682,2859.415039321375,5278.784130069806,1671.821154016082,10850.93222585491,2870.0185561544577,8104.62136608642,9430.06097022179,5040.205001325439,4446.408058672793,4273.217283732438,3416.099673058231
patient_1244,ctrl,1879,781228.0,501027.0,16925.0,3193.0,5024.0,71.0,563.0,4840.0,2500.0,4965.0,7119.0,1306.0,1852.0,936.0,355.0,638.0,5371.0,4383.0,692.0,220886.0,98527.0,7322.0,523.0,2244.0,2855.0,904.0,850.0,10090.0,3119.0,1751.0,1447.0,2276.0,146.0,17.0,27.0,42.0,190.0,312.0,491.0,1220.0,4034.0,1826.0,227.0,522.0,97.0,103.0,8455.0,323.0,2576.0,2493.0,21.0,5067.0,6014.0,4837.0,3758.0,7729.0,4290.0,19615.0,145.0,2281.0,4501.0,6141.0,21664.610075419725,4087.155094287455,6430.901094174812,90.88255925286856,720.6602937938733,6195.374461744843,3200.0901145376256,6355.3789674717245,9112.576610157343,1671.7270758344555,2370.626756849473,1198.113738882887,454.4127962643428,816.662997230002,6875.0736020726345,5610.3979888073645,885.7849437040147,282742.0420159032,126118.11148601945,9372.423927457798,669.4588519612712,2872.4008868089722,3654.502910801968,1157.1525854168053,1088.0306389427926,12915.563702273857,3992.4324268971413,2241.3431162221527,1852.2121582943776,2913.3620402750544,186.8852626889973,21.760612778855855,34.56097323700635,53.761513924232105,243.20684870485954,399.37124629429564,628.4976984951896,1561.6439758943611,5163.665408817912,2337.3458196582815,290.5681824000164,668.1788159154561,124.16349644405987,131.84371271895017,10822.70476736625,413.45164279826116,3297.3728540195693,3191.1298622169197,26.880756962116052,6485.942644144859,7698.136779531711,6191.534353607398,4810.375460172958,9893.398598104523,5491.354636546565,25107.907038662208,185.60522664318228,2919.7622205041293,5761.44224221354,7860.701357350224
patient_1244,stim,1464,744737.0,429872.0,6846.0,1566.0,5526.0,5630.0,2486.0,4784.0,4201.0,3134.0,5476.0,1274.0,2351.0,1492.0,28693.0,216.0,3822.0,2853.0,223.0,90140.0,50605.0,3019.0,251.0,1718.0,2156.0,474.0,458.0,5853.0,2092.0,2785.0,1721.0,2710.0,6287.0,5518.0,4962.0,7106.0,6692.0,2658.0,53138.0,12774.0,2483.0,1309.0,5468.0,617.0,4078.0,2456.0,3597.0,2405.0,1127.0,832.0,4986.0,3357.0,4664.0,2280.0,9438.0,3922.0,7470.0,8632.0,5739.0,4558.0,3553.0,3211.0,9192.506884980872,2102.7557379316454,7420.069098218566,7559.715711721051,3338.091165069011,6423.744221114299,5640.917531960948,4208.196987661416,7352.931303265448,1710.6710154054383,3156.8191186955933,2003.3918014010317,38527.69501179612,290.03527419746837,5132.013046216315,3830.8825800248947,299.43456549090484,121036.01674148055,67950.16227205041,4053.7800592692456,337.03173066465075,2306.8546345891236,2894.9817183784344,636.4662961555556,614.9822017705579,7859.150277211956,2809.0453408384433,3739.5751788886546,2310.8829022863106,3638.868486458978,8441.906337405017,7409.327051026067,6662.754771147398,9541.623418737085,8985.72247652527,3569.0451797077358,71351.36296437535,17152.363854622505,3334.062897371824,1757.6674718726208,7342.189256072949,828.4803897214722,5475.758556376279,3297.80848809714,4829.892968927285,3229.32793724496,1513.2858982432724,1117.1729080198782,6694.980912724895,4507.6315531523205,6262.613513226817,3061.483449862166,12672.930175350493,5266.28863612255,10030.386565995781,11590.668920706235,7706.076104718847,6120.281387926208,4770.811709368542,4311.589191889218
patient_1256,ctrl,2108,873981.0,555480.0,15069.0,2754.0,4171.0,221.0,930.0,8547.0,3051.0,4509.0,7402.0,1162.0,1907.0,1098.0,98.0,738.0,4993.0,4354.0,681.0,262841.0,110555.0,5911.0,400.0,2267.0,2153.0,638.0,618.0,9542.0,4241.0,2164.0,1858.0,2572.0,471.0,95.0,76.0,126.0,393.0,415.0,1222.0,1271.0,3864.0,2455.0,572.0,1054.0,249.0,211.0,8294.0,367.0,2957.0,1694.0,57.0,4855.0,5738.0,4391.0,3500.0,7124.0,8944.0,15162.0,225.0,2507.0,4235.0,5511.0,17241.793585901753,3151.0982504196313,4772.414960965971,252.86590898429145,1064.0963590741676,9779.388796781623,3490.9225715433176,5159.151057059593,8469.291666523643,1329.5483540260027,2181.96963091875,1256.3202174875655,112.13058407448216,844.4119494588555,5712.938839631524,4981.801663880565,779.1931403543098,300739.9474359282,126495.88492198344,6763.304923104735,457.67585336523337,2593.87789894746,2463.4402807383685,729.9929861175472,707.1091934492855,10917.85748202764,4852.5082353048865,2476.026366705912,2125.904338881509,2942.8557371384504,538.9133173375623,108.69801517424293,86.95841213939434,144.1678938100485,449.66652593134177,474.8386978664296,1398.1997320307878,1454.2650240680289,4421.148743508154,2808.9855500291196,654.4764703122837,1205.9758736173899,284.90321871985776,241.4240126501606,9489.908819528115,419.9175954626016,3383.3687460024876,1938.257239001763,65.21880910454576,5555.040670220519,6565.360116524272,5024.136680316849,4004.663716945792,8151.206948434806,10233.632081246618,17348.20322180917,257.44266751794373,2868.4834109666,4845.643097504409,6305.6290697395025
patient_1256,stim,2026,1046933.0,608951.0,8556.0,1842.0,6568.0,7472.0,4194.0,8922.0,4592.0,3898.0,8824.0,1380.0,3768.0,2262.0,32497.0,608.0,5123.0,4784.0,761.0,135139.0,87836.0,3170.0,354.0,2895.0,2514.0,494.0,412.0,7606.0,4142.0,3580.0,2362.0,3514.0,9095.0,8859.0,6055.0,9923.0,9453.0,3863.0,69779.0,18055.0,3456.0,1974.0,8190.0,1927.0,5544.0,3809.0,5505.0,3571.0,1972.0,698.0,5997.0,4595.0,6849.0,3102.0,10663.0,4626.0,9931.0,8016.0,7516.0,6875.0,5689.0,3295.0,8172.442744664653,1759.424910667636,6273.562873650941,7137.037422643092,4005.987011585268,8522.035316491123,4386.145054172521,3723.2564070480153,8428.42856228622,1318.135926558815,3599.08418208233,2160.5967144029273,31040.19072853755,580.7439444548983,4893.340834609282,4569.537878737226,726.8851015298974,129080.84853567516,83898.39655450732,3027.8919472401767,338.1305202911743,2765.2199328896886,2401.299796644102,471.8544548696048,393.53043604509554,7265.030331453875,3956.3181215989944,3419.5120413627233,2256.1138105303776,3356.470757918606,8687.27989279161,8461.859545930829,5783.560170517119,9478.1614487269,9029.231096927882,3689.8254234034075,66650.87450677359,17245.611705811163,3301.070842164685,1885.5074775558703,7822.850172838186,1840.6144423759688,5295.467809305849,3638.2461914945848,5258.216141816142,3410.915502711253,1883.5971356333214,666.7093309696037,5728.160254763199,4389.010567056344,6541.965913769076,2962.94032187351,10184.987960070033,4418.620866855855,9485.802816417097,7656.650425576421,7179.06494493917,6566.800358762212,5433.967598690651,3147.2883173994896
patient_1488,ctrl,2031,639805.0,393835.0,13029.0,2551.0,4484.0,114.0,504.0,4696.0,2997.0,2680.0,7180.0,1267.0,1224.0,824.0,135.0,767.0,4199.0,2881.0,760.0,186295.0,61017.0,4757.0,461.0,1616.0,1873.0,877.0,1027.0,8727.0,3954.0,1486.0,1507.0,1984.0,101.0,14.0,28.0,47.0,77.0,271.0,410.0,1191.0,2405.0,2395.0,231.0,653.0,78.0,129.0,6832.0,226.0,1695.0,1916.0,14.0,3526.0,4637.0,3318.0,3605.0,5529.0,4254.0,14967.0,156.0,1910.0,3196.0,4151.0,20364.01716147889,3987.1523354772153,7008.385367416635,178.17928900211783,787.7400145356788,7339.736325911801,4684.239729292519,4188.776267769085,11222.16925469479,1980.2908698744147,1913.0828924437915,1287.8924047170624,211.00178960777112,1198.8027602160034,6562.9371449113405,4502.934487851768,1187.8619266807857,291174.65477762755,95368.11997405459,7435.077875290128,720.5320371050555,2525.769570415986,2927.45445878041,1370.730144340854,1605.1765772383774,13640.093465977914,6180.007971178718,2322.5826619047994,2355.405162510452,3100.9448191245774,157.86059815099912,21.881667070435523,43.763334140871045,73.4598823078907,120.34916888739538,423.5665554348591,640.8202499198975,1861.5046772063363,3758.9578074569595,3743.328045263791,361.04750666218615,1020.6234712138854,121.9121451067122,201.62393229187018,10678.253530372536,353.232625565602,2649.244691742015,2994.662436211033,21.881667070435523,5511.054149311119,7247.520728972108,5185.955095693219,5634.529270637147,8641.695516602715,6648.900836973766,23393.065074514892,243.8242902134244,2985.284578895132,4995.271996936566,6487.9142863841325
patient_1488,stim,2549,1007267.0,609530.0,9821.0,2258.0,7788.0,10474.0,3719.0,7057.0,6676.0,3354.0,10020.0,2280.0,3551.0,2173.0,31209.0,628.0,5276.0,3627.0,864.0,140836.0,68392.0,3411.0,418.0,2525.0,2523.0,796.0,687.0,9316.0,4831.0,3668.0,2607.0,3616.0,10554.0,7990.0,6206.0,10478.0,6857.0,4205.0,69802.0,21159.0,3016.0,2664.0,8644.0,1598.0,5565.0,4007.0,5195.0,3463.0,1696.0,835.0,5274.0,4284.0,6477.0,2797.0,13243.0,4653.0,9229.0,12351.0,8113.0,5983.0,5223.0,3568.0,9750.145691261601,2241.7094970846856,7731.812915542751,10398.434575936668,3692.1690078201705,7006.086767460863,6627.835519281382,3329.8023264933727,9947.709991491829,2263.550776507123,3525.3810558670143,2157.3227356798147,30983.84043158368,623.4692489677514,5237.935919671745,3600.832748417252,857.7666100448045,139819.9285790163,67898.58101178733,3386.391095906051,414.9843090263058,2506.783206438809,2504.797635582224,790.2572009209077,682.0435892370147,9248.78904997384,4796.146404081539,3641.536950977248,2588.1916115588024,3589.912108706033,10477.857410200075,7932.355572057856,6161.226367983861,10402.405717649839,6807.529681802343,4174.662725970373,69298.40846567991,21006.346877243075,2994.240851730475,2644.78038097148,8581.637242161214,1586.471114411571,5524.850908448307,3978.0912111684393,5157.520299980045,3438.015938177266,1683.7640863842455,828.9758326243191,5235.95034881516,4253.092774805489,6430.271219051156,2776.820842934396,13147.457426878873,4619.430597845457,9162.416717712384,12261.892824841874,8054.468179737844,5939.835217474612,5185.318291972238,3542.2584081479886
